INSERT INTO teams (name, link, "isOur", year) VALUES ('Команда МХК «Спартак» 2003 г.р.', '2003', true, '2003');
INSERT INTO teams (name, link, "isOur", year) VALUES ('Команда МХК «Спартак» 2005 г.р.', '2005', true, '2005');
INSERT INTO teams (name, link, "isOur", year) VALUES ('Команда МХК «Спартак» 2006 г.р.', '2006', true, '2006');

INSERT INTO trainers ("teamLink", photo, "name", info) VALUES ('2003', 'trainer2003.jpg', 'Гридин Андрей Викторович', 'Тренер высшей категории. Тренер команды МХК «Спартак» 2003 г.р. Неоднократный победитель первенства и кубка Санкт-Петербурга по 2003 г.р. Тренер сборной команды Санкт-Петербурга 2003 г.р. в сезонах 2016/17, 2017/18 и 2018/19.');
INSERT INTO trainers ("teamLink", photo, "name", info) VALUES ('2005', 'trainer2005.jpg', 'Корайкин Артем Викторович', 'Тренер команды МХК «Спартак» 2005 г.р. Чемпион России среди юношей 1998 г.р. Бронзовый призер Первенства России среди молодежных команд');
INSERT INTO trainers ("teamLink", photo, "name", info) VALUES ('2006', 'trainer2006.jpg', 'Чеснов Владислав Евгеньевич', 'Тренер первой категории. Тренер команды МХК «Спартак» 2006 г.р. Бронзовый призем ОПМ по 2003 г.р. Тренер сборной команды Ярославской области 2003 г.р. в сезоне 2017/18.');

INSERT INTO teammembers ("teamLink", "number", photo, "firstName", "lastName", "role", birthday, city, "teamRole") VALUES ('2003', '1', '2003_1.jpg', 'Александр', 'Жирнов', 'goalkeepers', '21.01.2003', 'г. Москва','')
INSERT INTO teammembers ("teamLink", "number", photo, "firstName", "lastName", "role", birthday, city, "teamRole") VALUES ('2003', '20', '2003_20.jpg', 'Илья', 'Чубенко', 'goalkeepers', '14.04.2003', 'г. Хабаровск','')
INSERT INTO teammembers ("teamLink", "number", photo, "firstName", "lastName", "role", birthday, city, "teamRole") VALUES ('2003', '5', '2003_5.jpg', 'Алексей', 'Чернявский', 'defenders', '15.03.2003', 'г. Санкт-Петербург','')
INSERT INTO teammembers ("teamLink", "number", photo, "firstName", "lastName", "role", birthday, city, "teamRole") VALUES ('2003', '7', '2003_7.jpg', 'Глеб', 'Васильев', 'defenders', '23.08.2003', 'г. Санкт-Петербург','')
INSERT INTO teammembers ("teamLink", "number", photo, "firstName", "lastName", "role", birthday, city, "teamRole") VALUES ('2003', '12', '2003_12.jpg', 'Климентий', 'Рачкаускас', 'defenders', '02.03.2003', 'г. Санкт-Петербург','')
INSERT INTO teammembers ("teamLink", "number", photo, "firstName", "lastName", "role", birthday, city, "teamRole") VALUES ('2003', '57', '2003_57.jpg', 'Максим', 'Будник', 'defenders', '22.04.2003', 'г. Хабаровск','')
INSERT INTO teammembers ("teamLink", "number", photo, "firstName", "lastName", "role", birthday, city, "teamRole") VALUES ('2003', '59', '2003_59.jpg', 'Николай', 'Думченко', 'defenders', '10.10.2003', 'г. Хабаровск','')
INSERT INTO teammembers ("teamLink", "number", photo, "firstName", "lastName", "role", birthday, city, "teamRole") VALUES ('2003', '72', '2003_72.jpg', 'Никита', 'Андрианов', 'defenders', '01.11.2003', 'г. Санкт-Петербург','')
INSERT INTO teammembers ("teamLink", "number", photo, "firstName", "lastName", "role", birthday, city, "teamRole") VALUES ('2003', '78', '2003_78.jpg', 'Владислав', 'Киселев', 'defenders', '06.02.2003', 'г. Хабаровск','')
INSERT INTO teammembers ("teamLink", "number", photo, "firstName", "lastName", "role", birthday, city, "teamRole") VALUES ('2003', '88', '2003_88.jpg', 'Артем', 'Кулаков', 'defenders', '14.02.2003', 'г. Большой Камень','')
INSERT INTO teammembers ("teamLink", "number", photo, "firstName", "lastName", "role", birthday, city, "teamRole") VALUES ('2003', '8', '2003_8.jpg', 'Никита', 'Подковыров', 'strikers', '20.09.2003', 'г. Хабаровск','')
INSERT INTO teammembers ("teamLink", "number", photo, "firstName", "lastName", "role", birthday, city, "teamRole") VALUES ('2003', '9', '2003_9.jpg', 'Артем', 'Ахуткин', 'strikers', '09.04.2003', 'г. Санкт-Петербург','')
INSERT INTO teammembers ("teamLink", "number", photo, "firstName", "lastName", "role", birthday, city, "teamRole") VALUES ('2003', '10', '2003_10.jpg', 'Георгий', 'Славороссов', 'strikers', '01.06.2003', 'г. Санкт-Петербург','')
INSERT INTO teammembers ("teamLink", "number", photo, "firstName", "lastName", "role", birthday, city, "teamRole") VALUES ('2003', '17', '2003_17.jpg', 'Иван', 'Тимофеев', 'strikers', '20.09.2003', 'г. Санкт-Петербург','')
INSERT INTO teammembers ("teamLink", "number", photo, "firstName", "lastName", "role", birthday, city, "teamRole") VALUES ('2003', '18', '2003_18.jpg', 'Артем', 'Пушков', 'strikers', '17.02.2003', 'г. Череповец','')
INSERT INTO teammembers ("teamLink", "number", photo, "firstName", "lastName", "role", birthday, city, "teamRole") VALUES ('2003', '22', '2003_22.jpg', 'Владимир', 'Андреев', 'strikers', '16.11.2003', 'г. Санкт-Петербург','')
INSERT INTO teammembers ("teamLink", "number", photo, "firstName", "lastName", "role", birthday, city, "teamRole") VALUES ('2003', '23', '2003_23.jpg', 'Валерий', 'Асратян', 'strikers', '23.09.2003', 'г. Нижневартовск','')
INSERT INTO teammembers ("teamLink", "number", photo, "firstName", "lastName", "role", birthday, city, "teamRole") VALUES ('2003', '27', '2003_27.jpg', 'Максим', 'Белов', 'strikers', '30.09.2003', 'г. Санкт-Петербург','')
INSERT INTO teammembers ("teamLink", "number", photo, "firstName", "lastName", "role", birthday, city, "teamRole") VALUES ('2003', '28', '2003_28.jpg', 'Всеволод', 'Гайдамак', 'strikers', '09.04.2003', 'г. Хабаровск','')
INSERT INTO teammembers ("teamLink", "number", photo, "firstName", "lastName", "role", birthday, city, "teamRole") VALUES ('2003', '43', '2003_43.jpg', 'Сергей', 'Пурдышов', 'strikers', '20.10.2003', 'г. Хабаровск','')
INSERT INTO teammembers ("teamLink", "number", photo, "firstName", "lastName", "role", birthday, city, "teamRole") VALUES ('2003', '71', '2003_71.jpg', 'Александр', 'Клюшниченко', 'strikers', '12.05.2003', 'г. Санкт-Петербург','')
INSERT INTO teammembers ("teamLink", "number", photo, "firstName", "lastName", "role", birthday, city, "teamRole") VALUES ('2003', '73', '2003_73.jpg', 'Григорий', 'Зоринов', 'strikers', '07.02.2003', 'г. Череповец','')
INSERT INTO teammembers ("teamLink", "number", photo, "firstName", "lastName", "role", birthday, city, "teamRole") VALUES ('2003', '77', '2003_77.jpg', 'Тимофей', 'Турзанов', 'strikers', '23.04.2004', 'г. Санкт-Петербург','')
INSERT INTO teammembers ("teamLink", "number", photo, "firstName", "lastName", "role", birthday, city, "teamRole") VALUES ('2003', '83', '', 'Андрей', 'Петров', 'strikers', '05.01.2003', 'Нарьян-Мар','')
INSERT INTO teammembers ("teamLink", "number", photo, "firstName", "lastName", "role", birthday, city, "teamRole") VALUES ('2003', '87', '', 'Александр', 'Комаров', 'strikers', '07.01.2003', 'г. Санкт-Петербург','')

INSERT INTO teammembers ("teamLink", "number", photo, "firstName", "lastName", "role", birthday, city, "teamRole") VALUES ('2005', '1', '2005_1.jpg', 'Глеб', 'Гусев', 'goalkeepers', '30.06.2005', 'г. Санкт-Петербург','')
INSERT INTO teammembers ("teamLink", "number", photo, "firstName", "lastName", "role", birthday, city, "teamRole") VALUES ('2005', '30', '2005_30.jpg', 'Даниил', 'Ваганов', 'goalkeepers', '14.10.2005', 'г. Санкт-Петербург','')
INSERT INTO teammembers ("teamLink", "number", photo, "firstName", "lastName", "role", birthday, city, "teamRole") VALUES ('2005', '2', '2005_2.jpg', 'Аким', 'Николаев', 'defenders', '07.02.2005', 'г. Санкт-Петербург','')
INSERT INTO teammembers ("teamLink", "number", photo, "firstName", "lastName", "role", birthday, city, "teamRole") VALUES ('2005', '5', '2005_5.jpg', 'Михаил', 'Мастрюков', 'defenders', '03.01.2005', 'г. Санкт-Петербург','')
INSERT INTO teammembers ("teamLink", "number", photo, "firstName", "lastName", "role", birthday, city, "teamRole") VALUES ('2005', '7', '2005_7.jpg', 'Дмитрий', 'Щукин', 'defenders', '07.05.2005', 'г. Санкт-Петербург','')
INSERT INTO teammembers ("teamLink", "number", photo, "firstName", "lastName", "role", birthday, city, "teamRole") VALUES ('2005', '23', '2005_23.jpg', 'Роман', 'Чернов', 'defenders', '01.12.2005', '','')
INSERT INTO teammembers ("teamLink", "number", photo, "firstName", "lastName", "role", birthday, city, "teamRole") VALUES ('2005', '27', '2005_27.jpg', 'Георгий', 'Елиеев', 'defenders', '03.08.2005', 'г. Санкт-Петербург','')
INSERT INTO teammembers ("teamLink", "number", photo, "firstName", "lastName", "role", birthday, city, "teamRole") VALUES ('2005', '55', '2005_55.jpg', 'Игорь', 'Репка', 'defenders', '15.03.2005', 'г. Якутск','')
INSERT INTO teammembers ("teamLink", "number", photo, "firstName", "lastName", "role", birthday, city, "teamRole") VALUES ('2005', '8', '2005_8.jpg', 'Роман', 'Логунов', 'strikers', '21.02.2005', 'г. Санкт-Петербург','')
INSERT INTO teammembers ("teamLink", "number", photo, "firstName", "lastName", "role", birthday, city, "teamRole") VALUES ('2005', '11', '2005_11.jpg', 'Тимур', 'Насибуллин', 'strikers', '11.03.2005', 'г. Санкт-Петербург','')
INSERT INTO teammembers ("teamLink", "number", photo, "firstName", "lastName", "role", birthday, city, "teamRole") VALUES ('2005', '12', '2005_12.jpg', 'Егор', 'Обухов', 'strikers', '2005_12.jpg', 'г. Владивосток','')
INSERT INTO teammembers ("teamLink", "number", photo, "firstName", "lastName", "role", birthday, city, "teamRole") VALUES ('2005', '16', '2005_16.jpg', 'Алексей', 'Лазовский', 'strikers', '31.01.2005', 'г. Санкт-Петербург','')
INSERT INTO teammembers ("teamLink", "number", photo, "firstName", "lastName", "role", birthday, city, "teamRole") VALUES ('2005', '17', '2005_17.jpg', 'Максим', 'Медведев', 'strikers', '12.08.2005', 'г. Санкт-Петербург','')
INSERT INTO teammembers ("teamLink", "number", photo, "firstName", "lastName", "role", birthday, city, "teamRole") VALUES ('2005', '19', '2005_19.jpg', 'Артем', 'Абрамов', 'strikers', '19.06.2005', 'г. Санкт-Петербург','')
INSERT INTO teammembers ("teamLink", "number", photo, "firstName", "lastName", "role", birthday, city, "teamRole") VALUES ('2005', '20', '2005_20.jpg', 'Ярослав', 'Ситов', 'strikers', '20.07.2005', '','')
INSERT INTO teammembers ("teamLink", "number", photo, "firstName", "lastName", "role", birthday, city, "teamRole") VALUES ('2005', '26', '2005_26.jpg', 'Павел', 'Полрус', 'strikers', '12.11.2005', 'г. Санкт-Петербург','')
INSERT INTO teammembers ("teamLink", "number", photo, "firstName", "lastName", "role", birthday, city, "teamRole") VALUES ('2005', '29', '2005_29.jpg', 'Максим', 'Филиппов', 'strikers', '31.12.2005', 'г. Санкт-Петербург','')
INSERT INTO teammembers ("teamLink", "number", photo, "firstName", "lastName", "role", birthday, city, "teamRole") VALUES ('2005', '35', '2005_35.jpg', 'Никита', 'Старосельцев', 'strikers', '03.05.2005', 'г. Санкт-Петербург','')
INSERT INTO teammembers ("teamLink", "number", photo, "firstName", "lastName", "role", birthday, city, "teamRole") VALUES ('2005', '42', '2005_42.jpg', 'Кирилл', 'Маслов', 'strikers', '22.10.2005', 'г. Владивосток','')
INSERT INTO teammembers ("teamLink", "number", photo, "firstName", "lastName", "role", birthday, city, "teamRole") VALUES ('2005', '45', '2005_45.jpg', 'Александр', 'Шапкин', 'strikers', '18.06.2005', 'г. Санкт-Петербург','')
INSERT INTO teammembers ("teamLink", "number", photo, "firstName", "lastName", "role", birthday, city, "teamRole") VALUES ('2005', '63', '2005_63.jpg', 'Михаил', 'Серов', 'strikers', '26.09.2005', '','')
INSERT INTO teammembers ("teamLink", "number", photo, "firstName", "lastName", "role", birthday, city, "teamRole") VALUES ('2005', '74', '2005_74.jpg', 'Йонг', 'Парк', 'strikers', '17.06.2005', '','')
INSERT INTO teammembers ("teamLink", "number", photo, "firstName", "lastName", "role", birthday, city, "teamRole") VALUES ('2005', '87', '2005_87.jpg', 'Савелий', 'Лифшиц', 'strikers', '04.03.2005', 'г. Санкт-Петербург','','')
INSERT INTO teammembers ("teamLink", "number", photo, "firstName", "lastName", "role", birthday, city, "teamRole") VALUES ('2005', '96', '2005_96.jpg', 'Игорь', 'Иванов', 'strikers', '22.01.2005', 'г. Санкт-Петербург','')
INSERT INTO teammembers ("teamLink", "number", photo, "firstName", "lastName", "role", birthday, city, "teamRole") VALUES ('2005', '97', '2005_97.jpg', 'Иван', 'Королев', 'strikers', '09.07.2005', 'г. Санкт-Петербург','')

INSERT INTO teammembers ("teamLink", "number", photo, "firstName", "lastName", "role", birthday, city, "teamRole") VALUES ('2005', '1', '', 'Даниил', 'Климин', 'goalkeepers', '03.04.2006', '','')
INSERT INTO teammembers ("teamLink", "number", photo, "firstName", "lastName", "role", birthday, city, "teamRole") VALUES ('2005', '41', '', 'Егор', 'Шпак', 'goalkeepers', '24.07.2006', '','')
INSERT INTO teammembers ("teamLink", "number", photo, "firstName", "lastName", "role", birthday, city, "teamRole") VALUES ('2005', '87', '', 'Артем', 'Покладок', 'goalkeepers', '17.05.2006', '','')
INSERT INTO teammembers ("teamLink", "number", photo, "firstName", "lastName", "role", birthday, city, "teamRole") VALUES ('2005', '4', '', 'Никита', 'Веселков', 'defenders', '30.09.2006', '','')
INSERT INTO teammembers ("teamLink", "number", photo, "firstName", "lastName", "role", birthday, city, "teamRole") VALUES ('2005', '13', '', 'Иван', 'Капылович', 'defenders', '13.01.2006', '','')
INSERT INTO teammembers ("teamLink", "number", photo, "firstName", "lastName", "role", birthday, city, "teamRole") VALUES ('2005', '18', '', 'Григорий', 'Шпак', 'defenders', '24.07.2006', '','')
INSERT INTO teammembers ("teamLink", "number", photo, "firstName", "lastName", "role", birthday, city, "teamRole") VALUES ('2005', '19', '', 'Егор', 'Чипкинян', 'defenders', '19.06.2007', '','')
INSERT INTO teammembers ("teamLink", "number", photo, "firstName", "lastName", "role", birthday, city, "teamRole") VALUES ('2005', '25', '', 'Иван', 'Коновалов', 'defenders', '01.10.2006', '','')
INSERT INTO teammembers ("teamLink", "number", photo, "firstName", "lastName", "role", birthday, city, "teamRole") VALUES ('2005', '70', '', 'Федор', 'Бушляков', 'defenders', '07.08.2006', '','')
INSERT INTO teammembers ("teamLink", "number", photo, "firstName", "lastName", "role", birthday, city, "teamRole") VALUES ('2005', '81', '', 'Марк', 'Коннов', 'defenders', '26.02.2007', '','')
INSERT INTO teammembers ("teamLink", "number", photo, "firstName", "lastName", "role", birthday, city, "teamRole") VALUES ('2005', '8', '', 'Андрей', 'Гассанов', 'strikers', '30.03.2006', '','')
INSERT INTO teammembers ("teamLink", "number", photo, "firstName", "lastName", "role", birthday, city, "teamRole") VALUES ('2005', '14', '', 'Варвара', 'Пазухина', 'strikers', '03.12.2005', '','')
INSERT INTO teammembers ("teamLink", "number", photo, "firstName", "lastName", "role", birthday, city, "teamRole") VALUES ('2005', '23', '', 'Никита', 'Киселев', 'strikers', '03.08.2006', '','')
INSERT INTO teammembers ("teamLink", "number", photo, "firstName", "lastName", "role", birthday, city, "teamRole") VALUES ('2005', '27', '', 'Нил', 'Альбицкий', 'strikers', '09.07.2007', '','')
INSERT INTO teammembers ("teamLink", "number", photo, "firstName", "lastName", "role", birthday, city, "teamRole") VALUES ('2005', '44', '', 'Святослав', 'Телегин', 'strikers', '23.12.2006', '','')
INSERT INTO teammembers ("teamLink", "number", photo, "firstName", "lastName", "role", birthday, city, "teamRole") VALUES ('2005', '66', '', 'Максим', 'Милаков', 'strikers', '10.08.2006', '','')
INSERT INTO teammembers ("teamLink", "number", photo, "firstName", "lastName", "role", birthday, city, "teamRole") VALUES ('2005', '77', '', 'Юлиан', 'Афанасьев', 'strikers', '31.07.2006', '','')
INSERT INTO teammembers ("teamLink", "number", photo, "firstName", "lastName", "role", birthday, city, "teamRole") VALUES ('2005', '88', '', 'Иван', 'Дерягин', 'strikers', '18.05.2006', '','')
INSERT INTO teammembers ("teamLink", "number", photo, "firstName", "lastName", "role", birthday, city, "teamRole") VALUES ('2005', '98', '', 'Симеон', 'Дмитриев', 'strikers', '08.02.2007', '','')
INSERT INTO teammembers ("teamLink", "number", photo, "firstName", "lastName", "role", birthday, city, "teamRole") VALUES ('2005', '99', '', 'Кристоф', 'Муиссу Жоэ', 'strikers', '22.08.2006', '','')
-- "defenders" to "Защитники", "strikers" to "Нападающие", "goalkeepers" to "Вратари"
INSERT INTO teammembers ("teamLink", "number", photo, "firstName", "lastName", "role", birthday, city, "teamRole") VALUES ('2005', '1', '', 'Даниил', 'Климин', 'goalkeepers', '03.04.2006', '');
INSERT INTO teammembers ("teamLink", "number", photo, "firstName", "lastName", "role", birthday, city, "teamRole") VALUES ('2005', '41', '', 'Егор', 'Шпак', 'goalkeepers', '24.07.2006', '');
INSERT INTO teammembers ("teamLink", "number", photo, "firstName", "lastName", "role", birthday, city, "teamRole") VALUES ('2005', '87', '', 'Артем', 'Покладок', 'goalkeepers', '17.05.2006', '');
INSERT INTO teammembers ("teamLink", "number", photo, "firstName", "lastName", "role", birthday, city, "teamRole") VALUES ('2005', '4', '', 'Никита', 'Веселков', 'defenders', '30.09.2006', '');
INSERT INTO teammembers ("teamLink", "number", photo, "firstName", "lastName", "role", birthday, city, "teamRole") VALUES ('2005', '13', '', 'Иван', 'Капылович', 'defenders', '13.01.2006', '');
INSERT INTO teammembers ("teamLink", "number", photo, "firstName", "lastName", "role", birthday, city, "teamRole") VALUES ('2005', '18', '', 'Григорий', 'Шпак', 'defenders', '24.07.2006', '');
INSERT INTO teammembers ("teamLink", "number", photo, "firstName", "lastName", "role", birthday, city, "teamRole") VALUES ('2005', '19', '', 'Егор', 'Чипкинян', 'defenders', '19.06.2007', '');
INSERT INTO teammembers ("teamLink", "number", photo, "firstName", "lastName", "role", birthday, city, "teamRole") VALUES ('2005', '25', '', 'Иван', 'Коновалов', 'defenders', '01.10.2006', '');
INSERT INTO teammembers ("teamLink", "number", photo, "firstName", "lastName", "role", birthday, city, "teamRole") VALUES ('2005', '70', '', 'Федор', 'Бушляков', 'defenders', '07.08.2006', '');
INSERT INTO teammembers ("teamLink", "number", photo, "firstName", "lastName", "role", birthday, city, "teamRole") VALUES ('2005', '81', '', 'Марк', 'Коннов', 'defenders', '26.02.2007', '');
INSERT INTO teammembers ("teamLink", "number", photo, "firstName", "lastName", "role", birthday, city, "teamRole") VALUES ('2005', '8', '', 'Андрей', 'Гассанов', 'strikers', '30.03.2006', '');
INSERT INTO teammembers ("teamLink", "number", photo, "firstName", "lastName", "role", birthday, city, "teamRole") VALUES ('2005', '14', '', 'Варвара', 'Пазухина', 'strikers', '03.12.2005', '');
INSERT INTO teammembers ("teamLink", "number", photo, "firstName", "lastName", "role", birthday, city, "teamRole") VALUES ('2005', '23', '', 'Никита', 'Киселев', 'strikers', '03.08.2006', '');
INSERT INTO teammembers ("teamLink", "number", photo, "firstName", "lastName", "role", birthday, city, "teamRole") VALUES ('2005', '27', '', 'Нил', 'Альбицкий', 'strikers', '09.07.2007', '');
INSERT INTO teammembers ("teamLink", "number", photo, "firstName", "lastName", "role", birthday, city, "teamRole") VALUES ('2005', '44', '', 'Святослав', 'Телегин', 'strikers', '23.12.2006', '');
INSERT INTO teammembers ("teamLink", "number", photo, "firstName", "lastName", "role", birthday, city, "teamRole") VALUES ('2005', '66', '', 'Максим', 'Милаков', 'strikers', '10.08.2006', '');
INSERT INTO teammembers ("teamLink", "number", photo, "firstName", "lastName", "role", birthday, city, "teamRole") VALUES ('2005', '77', '', 'Юлиан', 'Афанасьев', 'strikers', '31.07.2006', '');
INSERT INTO teammembers ("teamLink", "number", photo, "firstName", "lastName", "role", birthday, city, "teamRole") VALUES ('2005', '88', '', 'Иван', 'Дерягин', 'strikers', '18.05.2006', '');
INSERT INTO teammembers ("teamLink", "number", photo, "firstName", "lastName", "role", birthday, city, "teamRole") VALUES ('2005', '98', '', 'Симеон', 'Дмитриев', 'strikers', '08.02.2007', '');
INSERT INTO teammembers ("teamLink", "number", photo, "firstName", "lastName", "role", birthday, city, "teamRole") VALUES ('2005', '99', '', 'Кристоф', 'Муиссу Жоэ', 'strikers', '22.08.2006', '');


INSERT INTO news (url, "date") VALUES ('1.html', '22.08.2019');
INSERT INTO news (url, "date") VALUES ('2.html', '23.08.2019');
INSERT INTO news (url, "date") VALUES ('3.html', '24.08.2019');
INSERT INTO news (url, "date") VALUES ('4.html', '25.08.2019');
INSERT INTO news (url, "date") VALUES ('5.html', '30.08.2019');
INSERT INTO news (url, "date") VALUES ('6.html', '31.08.2019');
INSERT INTO news (url, "date") VALUES ('7.html', '01.09.2019');
INSERT INTO news (url, "date") VALUES ('8.html', '09.09.2019');
INSERT INTO news (url, "date") VALUES ('9.html', '19.09.2019');
INSERT INTO news (url, "date") VALUES ('10.html', '31.10.2019');
INSERT INTO news (url, "date") VALUES ('11.html', '01.11.2019');
INSERT INTO news (url, "date") VALUES ('12.html', '14.11.2019');
INSERT INTO news (url, "date") VALUES ('13.html', '06.12.2019');
INSERT INTO news (url, "date") VALUES ('14.html', '20.12.2019');
INSERT INTO news (url, "date") VALUES ('15.html', '21.01.2020');
INSERT INTO news (url, "date") VALUES ('16.html', '05.03.2020');
INSERT INTO news (url, "date") VALUES ('17.html', '19.03.2020');
INSERT INTO news (url, "date") VALUES ('19.html', '02.07.2020');
INSERT INTO news (url, "date") VALUES ('20.html', '23.07.2020');
INSERT INTO news (url, "date") VALUES ('21.html', '10.08.2020');
INSERT INTO news (url, "date") VALUES ('21.html', '10.11.2020');

INSERT INTO games ("date", "time", "year", teamAId, teamBId, stadium, "result") VALUES ('03.10.20', '19:15', 2003, 4, 1, 'ЛОК', '3:6');
INSERT INTO games ("date", "time", "year", teamAId, teamBId, stadium, "result") VALUES ('10.10.20', '19:45', 2003, 1, 5, 'ГКА', '9:1');
INSERT INTO games ("date", "time", "year", teamAId, teamBId, stadium, "result") VALUES ('11.10.20', '19:00', 2003, 6, 1, 'ХКД', '4:11');
INSERT INTO games ("date", "time", "year", teamAId, teamBId, stadium, "result") VALUES ('17.10.20', '19:45', 2003, 1, 7, 'ГКА', '8:3');
INSERT INTO games ("date", "time", "year", teamAId, teamBId, stadium, "result") VALUES ('24.10.20', '09:00', 2003, 1, 8, 'ГКА', '5:4');
INSERT INTO games ("date", "time", "year", teamAId, teamBId, stadium, "result") VALUES ('25.10.20', '15:15', 2003, 9, 1, 'БУТ', '1:6');
INSERT INTO games ("date", "time", "year", teamAId, teamBId, stadium, "result") VALUES ('31.10.20', '19:45', 2003, 1, 10, 'ГКА', '8:2');
INSERT INTO games ("date", "time", "year", teamAId, teamBId, stadium, "result") VALUES ('07.11.20', '09:00', 2003, 1, 4, 'ГКА', '6:3');
INSERT INTO games ("date", "time", "year", teamAId, teamBId, stadium, "result") VALUES ('14.11.20', '18:15', 2003, 5, 1, 'АНТ', '4:5ПБ');
INSERT INTO games ("date", "time", "year", teamAId, teamBId, stadium, "result") VALUES ('15.11.20', '10:00', 2003, 1, 7, 'ГКА', '4:5ОТ');
INSERT INTO games ("date", "time", "year", teamAId, teamBId, stadium, "result") VALUES ('22.11.20', '10:00', 2003, 1, 11, 'ГКА', '6:1');
INSERT INTO games ("date", "time", "year", teamAId, teamBId, stadium, "result") VALUES ('05.12.20', '18:45', 2003, 8, 1, 'МАЛ', '3:4');
INSERT INTO games ("date", "time", "year", teamAId, teamBId, stadium, "result") VALUES ('13.12.20', '17:00', 2003, 10, 1, 'КСМ', '2:3');
INSERT INTO games ("date", "time", "year", teamAId, teamBId, stadium, "result") VALUES ('19.12.20', '09:00', 2003, 1, 7, 'ГКА', '0:6');
INSERT INTO games ("date", "time", "year", teamAId, teamBId, stadium, "result") VALUES ('20.12.20', '10:00', 2003, 1, 9, 'ГКА', '3:4');
INSERT INTO games ("date", "time", "year", teamAId, teamBId, stadium, "result") VALUES ('26.12.20', '', 2003, 4, 1, 'ЛОК', '');
INSERT INTO games ("date", "time", "year", teamAId, teamBId, stadium, "result") VALUES ('09.01.21', '', 2003, 1, 5, 'ГКА', '');
INSERT INTO games ("date", "time", "year", teamAId, teamBId, stadium, "result") VALUES ('16.01.21', '', 2003, 6, 1, 'ХКД', '');
INSERT INTO games ("date", "time", "year", teamAId, teamBId, stadium, "result") VALUES ('23.01.21', '', 2003, 1, 8, 'ГКА', '');
INSERT INTO games ("date", "time", "year", teamAId, teamBId, stadium, "result") VALUES ('30.01.21', '', 2003, 9, 1, 'БУТ', '');
INSERT INTO games ("date", "time", "year", teamAId, teamBId, stadium, "result") VALUES ('06.02.21', '', 2003, 1, 10, 'ГКА', '');
INSERT INTO games ("date", "time", "year", teamAId, teamBId, stadium, "result") VALUES ('13.02.21', '', 2003, 1, 4, 'ГКА', '');
INSERT INTO games ("date", "time", "year", teamAId, teamBId, stadium, "result") VALUES ('20.02.21', '', 2003, 5, 1, 'АНТ', '');
INSERT INTO games ("date", "time", "year", teamAId, teamBId, stadium, "result") VALUES ('28.02.21', '', 2003, 1, 6, 'ГКА', '');
INSERT INTO games ("date", "time", "year", teamAId, teamBId, stadium, "result") VALUES ('13.03.21', '', 2003, 1, 7, 'ГКА', '');
INSERT INTO games ("date", "time", "year", teamAId, teamBId, stadium, "result") VALUES ('14.03.21', '', 2003, 8, 1, 'МАЛ', '');
INSERT INTO games ("date", "time", "year", teamAId, teamBId, stadium, "result") VALUES ('20.03.21', '', 2003, 1, 9, 'ГКА', '');
INSERT INTO games ("date", "time", "year", teamAId, teamBId, stadium, "result") VALUES ('21.03.21', '', 2003, 10, 1, 'КСМ', '');


INSERT INTO games ("date", "time", "year", teamAId, teamBId, stadium, "result") VALUES ('10.10.20', '09:00', 2005, 2, 12, 'ГКА', '5:4');
INSERT INTO games ("date", "time", "year", teamAId, teamBId, stadium, "result") VALUES ('17.10.20', '09:00', 2005, 2, 13, 'ГКА', '1:8');
INSERT INTO games ("date", "time", "year", teamAId, teamBId, stadium, "result") VALUES ('18.10.20', '18:45', 2005, 2, 14, 'ГКА', '3:4ПБ');
INSERT INTO games ("date", "time", "year", teamAId, teamBId, stadium, "result") VALUES ('24.10.20', '19:30', 2005, 2, 15, 'ГКА', '1:5');
INSERT INTO games ("date", "time", "year", teamAId, teamBId, stadium, "result") VALUES ('31.10.20', '09:00', 2005, 16, 2, 'ГКА', '9:0');
INSERT INTO games ("date", "time", "year", teamAId, teamBId, stadium, "result") VALUES ('01.11.20', '18:45', 2005, 2, 17, 'ГКА', '4:3');
INSERT INTO games ("date", "time", "year", teamAId, teamBId, stadium, "result") VALUES ('04.11.20', '11:00', 2005, 18, 2, 'КАХ', '10:1');
INSERT INTO games ("date", "time", "year", teamAId, teamBId, stadium, "result") VALUES ('07.11.20', '18:45', 2005, 19, 2, 'КСМ', '23:0');
INSERT INTO games ("date", "time", "year", teamAId, teamBId, stadium, "result") VALUES ('14.11.20', '19:30', 2005, 2, 20, 'ГКА', '2:7');
INSERT INTO games ("date", "time", "year", teamAId, teamBId, stadium, "result") VALUES ('22.11.20', '16:30', 2005, 21, 2, 'ЛОК', '13:2');
INSERT INTO games ("date", "time", "year", teamAId, teamBId, stadium, "result") VALUES ('05.12.20', '12:00', 2005, 22, 2, 'ЖДН', '11:0');
INSERT INTO games ("date", "time", "year", teamAId, teamBId, stadium, "result") VALUES ('12.12.20', '09:00', 2005, 2, 23, 'ГКА', '0:2');
INSERT INTO games ("date", "time", "year", teamAId, teamBId, stadium, "result") VALUES ('13.12.20', '10:00', 2005, 2, 24, 'ГКА', '2:1');

INSERT INTO games ("date", "time", "year", teamAId, teamBId, stadium, "result") VALUES ('11.10.20', '15:15', 2006, 25, 3, 'КСМ', '5:0');
INSERT INTO games ("date", "time", "year", teamAId, teamBId, stadium, "result") VALUES ('17.10.20', '13:00', 2006, 26, 3, 'ЛОК', '4:11');
INSERT INTO games ("date", "time", "year", teamAId, teamBId, stadium, "result") VALUES ('18.10.20', '10:00', 2006, 3, 27, 'ГКА', '4:3ОТ');
INSERT INTO games ("date", "time", "year", teamAId, teamBId, stadium, "result") VALUES ('01.11.20', '17:45', 2006, 28, 3, 'ХКД', '4:5ПБ');
INSERT INTO games ("date", "time", "year", teamAId, teamBId, stadium, "result") VALUES ('04.11.20', '12:00', 2006, 3, 29, 'ГКА', '1:11');
INSERT INTO games ("date", "time", "year", teamAId, teamBId, stadium, "result") VALUES ('08.11.20', '10:00', 2006, 3, 30, 'ГКА', '2:3');
INSERT INTO games ("date", "time", "year", teamAId, teamBId, stadium, "result") VALUES ('05.12.20', '16:45', 2006, 29, 3, 'АСК', '17:4');
INSERT INTO games ("date", "time", "year", teamAId, teamBId, stadium, "result") VALUES ('06.12.20', '10:00', 2006, 3, 30, 'ГКА', '1:6');
INSERT INTO games ("date", "time", "year", teamAId, teamBId, stadium, "result") VALUES ('12.11.20', '09:30', 2006, 3, 31, 'ГКА', '2:4');
INSERT INTO games ("date", "time", "year", teamAId, teamBId, stadium, "result") VALUES ('13.12.20', '16:30', 2006, 32, 3, 'ХГГ', '7:1');
INSERT INTO games ("date", "time", "year", teamAId, teamBId, stadium, "result") VALUES ('20.12.20', '13:45', 2006, 33, 3, 'КАХ', '7:2');
INSERT INTO games ("date", "time", "year", teamAId, teamBId, stadium, "result") VALUES ('26.12.20', '', 2006, 3, 34, 'ГКА', '');
INSERT INTO games ("date", "time", "year", teamAId, teamBId, stadium, "result") VALUES ('16.01.21', '10:15', 2006, 3, 32, 'СОЧ', '');
INSERT INTO games ("date", "time", "year", teamAId, teamBId, stadium, "result") VALUES ('18.01.21', '16:00', 2006, 34, 3, 'СОЧ', '');
INSERT INTO games ("date", "time", "year", teamAId, teamBId, stadium, "result") VALUES ('21.01.21', '10:15', 2006, 3, 31, 'СОЧ', '');
INSERT INTO games ("date", "time", "year", teamAId, teamBId, stadium, "result") VALUES ('23.01.21', '16:00', 2006, 3, 33, 'СОЧ', '');
INSERT INTO games ("date", "time", "year", teamAId, teamBId, stadium, "result") VALUES ('27.01.21', '10:15', 2006, 30, 3, 'СОЧ', '');
INSERT INTO games ("date", "time", "year", teamAId, teamBId, stadium, "result") VALUES ('30.01.21', '10:15', 2006, 3, 29, 'СОЧ', '');
INSERT INTO games ("date", "time", "year", teamAId, teamBId, stadium, "result") VALUES ('27.01.21', '10:15', 2006, 30, 3, 'СОЧ', '');
INSERT INTO games ("date", "time", "year", teamAId, teamBId, stadium, "result") VALUES ('07.02.21', '16:00', 2006, 3, 30, 'КСМ', '');
